ctgov,dist,loglik,aic
NCT00034840,exp,-2.477e+02,4.975e+02
NCT00051558,exp,-1.571e+03,3.144e+03
NCT00125918,exp,-4.734e+02,9.489e+02
NCT00152984,exp,-1.412e+02,2.843e+02
NCT00153023,exp,-1.401e+03,2.803e+03
NCT00153088,exp,-7.644e+02,1.531e+03
NCT00168831,exp,-2.038e+03,4.077e+03
NCT00168844,exp,-1.633e+03,3.269e+03
NCT00168857,exp,-1.450e+03,2.902e+03
NCT00239421,exp,-1.988e+02,3.996e+02
NCT00274014,exp,-2.033e+03,4.067e+03
NCT00274053,exp,-8.738e+02,1.750e+03
NCT00274079,exp,-3.695e+02,7.410e+02
NCT00274547,exp,-2.947e+03,5.896e+03
NCT00274560,exp,-5.261e+02,1.054e+03
NCT00274573,exp,-2.032e+03,4.067e+03
NCT00274599,exp,-6.824e+02,1.367e+03
NCT00274612,exp,-6.427e+02,1.287e+03
NCT00277264,exp,-1.759e+03,3.519e+03
NCT00321854,exp,-1.178e+03,2.359e+03
NCT00384930,exp,-1.070e+03,2.142e+03
NCT00402233,exp,-2.770e+02,5.560e+02
NCT00466167,exp,-5.578e+02,1.118e+03
NCT00472199,exp,-6.846e+02,1.371e+03
NCT00479401,exp,-7.794e+02,1.561e+03
NCT00525512,exp,-1.354e+03,2.711e+03
NCT00563381,exp,-1.055e+04,2.110e+04
NCT00601250,exp,-4.451e+02,8.922e+02
NCT00602472,exp,-6.716e+02,1.345e+03
NCT00622284,exp,-3.180e+03,6.361e+03
NCT00641043,exp,-2.821e+02,5.662e+02
NCT00654381,exp,-2.833e+02,5.686e+02
NCT00734474,exp,-3.582e+03,7.166e+03
NCT00740051,exp,-4.142e+02,8.303e+02
NCT00772538,exp,-4.167e+02,8.355e+02
NCT00776984,exp,-4.564e+02,9.148e+02
NCT00782210,exp,-9.941e+02,1.990e+03
NCT00782509,exp,-8.502e+02,1.702e+03
NCT00793624,exp,-1.413e+03,2.827e+03
NCT00798161,exp,-8.129e+02,1.628e+03
NCT00800683,exp,-2.744e+02,5.509e+02
NCT00848081,exp,-2.720e+02,5.460e+02
NCT00855582,exp,-5.276e+02,1.057e+03
NCT00861757,exp,-3.884e+02,7.788e+02
NCT00915772,exp,-9.318e+02,1.866e+03
NCT00926289,exp,-4.395e+02,8.810e+02
NCT00954447,exp,-1.516e+03,3.034e+03
NCT00970632,exp,-4.070e+02,8.161e+02
NCT00975195,exp,-3.875e+03,7.751e+03
NCT00996658,exp,-2.486e+02,4.992e+02
NCT01064687,exp,-9.439e+02,1.890e+03
NCT01075282,exp,-7.983e+02,1.599e+03
NCT01084005,exp,-1.788e+02,3.597e+02
NCT01087502,exp,-4.159e+02,8.338e+02
NCT01126437,exp,-3.550e+04,7.100e+04
NCT01126580,exp,-1.204e+03,2.410e+03
NCT01131676,exp,-4.109e+03,8.220e+03
NCT01159600,exp,-8.584e+02,1.719e+03
NCT01164501,exp,-8.112e+02,1.624e+03
NCT01167881,exp,-2.378e+03,4.758e+03
NCT01177813,exp,-7.762e+02,1.554e+03
NCT01191268,exp,-1.336e+03,2.674e+03
NCT01191944,exp,-3.010e+02,6.040e+02
NCT01194830,exp,-3.896e+02,7.812e+02
NCT01204294,exp,-3.465e+02,6.950e+02
NCT01210001,exp,-3.372e+02,6.764e+02
NCT01214239,exp,-2.439e+02,4.899e+02
NCT01306214,exp,-7.557e+02,1.513e+03
NCT01335464,exp,-9.430e+02,1.888e+03
NCT01335477,exp,-1.001e+03,2.005e+03
NCT01368081,exp,-8.972e+02,1.796e+03
NCT01370005,exp,-3.006e+02,6.031e+02
NCT01422876,exp,-1.685e+03,3.371e+03
NCT01558271,exp,-4.155e+02,8.330e+02
NCT01621178,exp,-8.096e+02,1.621e+03
NCT01624259,exp,-3.316e+02,6.653e+02
NCT01694771,exp,-6.246e+02,1.251e+03
NCT01708902,exp,-5.519e+02,1.106e+03
NCT01719003,exp,-1.028e+03,2.059e+03
NCT01769378,exp,-2.065e+02,4.150e+02
NCT02152371,exp,-2.331e+02,4.682e+02
NCT02172287,exp,-8.970e+02,1.796e+03
NCT02172586,exp,-3.884e+02,7.789e+02
NCT02175355,exp,-4.796e+02,9.613e+02
NCT02177344,exp,-6.270e+02,1.256e+03
NCT02177396,exp,-2.422e+02,4.865e+02
NCT02177461,exp,-7.676e+02,1.537e+03
NCT02183064,exp,-9.433e+02,1.889e+03
NCT02200653,exp,-1.456e+02,2.932e+02
NCT02240680,exp,-2.062e+02,4.143e+02
NCT02489968,exp,-2.279e+02,4.577e+02
NCT02750410,exp,-1.541e+02,3.103e+02
NCT00034840,gengamma,-2.476e+02,5.012e+02
NCT00051558,gengamma,-1.564e+03,3.133e+03
NCT00125918,gengamma,-4.732e+02,9.524e+02
NCT00152984,gengamma,-1.398e+02,2.857e+02
NCT00153023,gengamma,-1.374e+03,2.753e+03
NCT00153088,gengamma,-7.622e+02,1.530e+03
NCT00168831,gengamma,-2.000e+03,4.005e+03
NCT00168844,gengamma,-1.603e+03,3.213e+03
NCT00168857,gengamma,-1.444e+03,2.893e+03
NCT00239421,gengamma,-1.988e+02,4.036e+02
NCT00274014,gengamma,-2.020e+03,4.047e+03
NCT00274053,gengamma,-8.660e+02,1.738e+03
NCT00274079,gengamma,-3.657e+02,7.374e+02
NCT00274547,gengamma,-2.924e+03,5.853e+03
NCT00274560,gengamma,-5.213e+02,1.049e+03
NCT00274573,gengamma,-2.000e+03,4.005e+03
NCT00274599,gengamma,-6.801e+02,1.366e+03
NCT00274612,gengamma,-6.423e+02,1.291e+03
NCT00277264,gengamma,-1.711e+03,3.428e+03
NCT00321854,gengamma,-1.172e+03,2.350e+03
NCT00384930,gengamma,-1.066e+03,2.138e+03
NCT00402233,gengamma,-2.701e+02,5.462e+02
NCT00466167,gengamma,-5.510e+02,1.108e+03
NCT00472199,gengamma,-6.645e+02,1.335e+03
NCT00479401,gengamma,-7.603e+02,1.527e+03
NCT00525512,gengamma,-1.334e+03,2.673e+03
NCT00563381,gengamma,-1.036e+04,2.073e+04
NCT00601250,gengamma,-4.440e+02,8.939e+02
NCT00602472,gengamma,-6.714e+02,1.349e+03
NCT00622284,gengamma,-3.147e+03,6.301e+03
NCT00641043,gengamma,-2.795e+02,5.651e+02
NCT00654381,gengamma,-2.606e+02,5.272e+02
NCT00734474,gengamma,-3.573e+03,7.152e+03
NCT00740051,gengamma,-4.131e+02,8.322e+02
NCT00772538,gengamma,-4.099e+02,8.258e+02
NCT00776984,gengamma,-4.554e+02,9.168e+02
NCT00782210,gengamma,-9.833e+02,1.973e+03
NCT00782509,gengamma,-8.413e+02,1.689e+03
NCT00793624,gengamma,-1.391e+03,2.788e+03
NCT00798161,gengamma,-8.063e+02,1.619e+03
NCT00800683,gengamma,-2.730e+02,5.520e+02
NCT00848081,gengamma,-2.699e+02,5.458e+02
NCT00855582,gengamma,-5.279e+02,1.062e+03
NCT00861757,gengamma,-3.810e+02,7.681e+02
NCT00915772,gengamma,-9.317e+02,1.869e+03
NCT00926289,gengamma,-4.347e+02,8.754e+02
NCT00954447,gengamma,-1.505e+03,3.015e+03
NCT00970632,gengamma,-4.060e+02,8.181e+02
NCT00975195,gengamma,-3.866e+03,7.738e+03
NCT00996658,gengamma,-2.487e+02,5.033e+02
NCT01064687,gengamma,-9.418e+02,1.890e+03
NCT01075282,gengamma,-7.909e+02,1.588e+03
NCT01084005,gengamma,-1.787e+02,3.634e+02
NCT01087502,gengamma,-4.154e+02,8.369e+02
NCT01126437,gengamma,-3.515e+04,7.030e+04
NCT01126580,gengamma,-1.198e+03,2.402e+03
NCT01131676,gengamma,-4.099e+03,8.205e+03
NCT01159600,gengamma,-8.534e+02,1.713e+03
NCT01164501,gengamma,-8.063e+02,1.619e+03
NCT01167881,gengamma,-2.301e+03,4.607e+03
NCT01177813,gengamma,-7.756e+02,1.557e+03
NCT01191268,gengamma,-1.319e+03,2.645e+03
NCT01191944,gengamma,-2.908e+02,5.877e+02
NCT01194830,gengamma,-3.837e+02,7.734e+02
NCT01204294,gengamma,-3.450e+02,6.961e+02
NCT01210001,gengamma,-3.351e+02,6.761e+02
NCT01214239,gengamma,-2.430e+02,4.921e+02
NCT01306214,gengamma,-7.556e+02,1.517e+03
NCT01335464,gengamma,-9.430e+02,1.892e+03
NCT01335477,gengamma,-1.000e+03,2.007e+03
NCT01368081,gengamma,-8.960e+02,1.798e+03
NCT01370005,gengamma,-2.989e+02,6.039e+02
NCT01422876,gengamma,-1.674e+03,3.354e+03
NCT01558271,gengamma,-4.076e+02,8.212e+02
NCT01621178,gengamma,-8.018e+02,1.610e+03
NCT01624259,gengamma,-3.302e+02,6.664e+02
NCT01694771,gengamma,-6.244e+02,1.255e+03
NCT01708902,gengamma,-5.448e+02,1.096e+03
NCT01719003,gengamma,-1.014e+03,2.033e+03
NCT01769378,gengamma,-1.994e+02,4.048e+02
NCT02152371,gengamma,-2.298e+02,4.656e+02
NCT02172287,gengamma,-8.718e+02,1.750e+03
NCT02172586,gengamma,-3.868e+02,7.796e+02
NCT02175355,gengamma,-4.761e+02,9.581e+02
NCT02177344,gengamma,-6.094e+02,1.225e+03
NCT02177396,gengamma,-2.412e+02,4.883e+02
NCT02177461,gengamma,-7.661e+02,1.538e+03
NCT02183064,gengamma,-9.198e+02,1.846e+03
NCT02200653,gengamma,-1.455e+02,2.971e+02
NCT02240680,gengamma,-2.028e+02,4.115e+02
NCT02489968,gengamma,-2.264e+02,4.588e+02
NCT02750410,gengamma,-1.532e+02,3.125e+02
NCT00034840,gompertz,-2.476e+02,4.991e+02
NCT00051558,gompertz,-1.565e+03,3.135e+03
NCT00125918,gompertz,-4.733e+02,9.506e+02
NCT00152984,gompertz,-1.403e+02,2.846e+02
NCT00153023,gompertz,-1.376e+03,2.757e+03
NCT00153088,gompertz,-7.626e+02,1.529e+03
NCT00168831,gompertz,-2.008e+03,4.020e+03
NCT00168844,gompertz,-1.608e+03,3.221e+03
NCT00168857,gompertz,-1.447e+03,2.898e+03
NCT00239421,gompertz,-1.988e+02,4.016e+02
NCT00274014,gompertz,-2.024e+03,4.052e+03
NCT00274053,gompertz,-8.644e+02,1.733e+03
NCT00274079,gompertz,-3.668e+02,7.376e+02
NCT00274547,gompertz,-2.916e+03,5.836e+03
NCT00274560,gompertz,-5.235e+02,1.051e+03
NCT00274573,gompertz,-2.003e+03,4.010e+03
NCT00274599,gompertz,-6.796e+02,1.363e+03
NCT00274612,gompertz,-6.424e+02,1.289e+03
NCT00277264,gompertz,-1.718e+03,3.440e+03
NCT00321854,gompertz,-1.173e+03,2.350e+03
NCT00384930,gompertz,-1.068e+03,2.139e+03
NCT00402233,gompertz,-2.714e+02,5.468e+02
NCT00466167,gompertz,-5.493e+02,1.103e+03
NCT00472199,gompertz,-6.613e+02,1.327e+03
NCT00479401,gompertz,-7.616e+02,1.527e+03
NCT00525512,gompertz,-1.338e+03,2.681e+03
NCT00563381,gompertz,-1.036e+04,2.072e+04
NCT00601250,gompertz,-4.441e+02,8.921e+02
NCT00602472,gompertz,-6.715e+02,1.347e+03
NCT00622284,gompertz,-3.152e+03,6.309e+03
NCT00641043,gompertz,-2.806e+02,5.651e+02
NCT00654381,gompertz,-2.746e+02,5.533e+02
NCT00734474,gompertz,-3.575e+03,7.154e+03
NCT00740051,gompertz,-4.137e+02,8.314e+02
NCT00772538,gompertz,-4.135e+02,8.310e+02
NCT00776984,gompertz,-4.564e+02,9.168e+02
NCT00782210,gompertz,-9.869e+02,1.978e+03
NCT00782509,gompertz,-8.410e+02,1.686e+03
NCT00793624,gompertz,-1.391e+03,2.785e+03
NCT00798161,gompertz,-8.065e+02,1.617e+03
NCT00800683,gompertz,-2.730e+02,5.500e+02
NCT00848081,gompertz,-2.719e+02,5.478e+02
NCT00855582,gompertz,-5.239e+02,1.052e+03
NCT00861757,gompertz,-3.880e+02,7.799e+02
NCT00915772,gompertz,-9.318e+02,1.868e+03
NCT00926289,gompertz,-4.358e+02,8.757e+02
NCT00954447,gompertz,-1.501e+03,3.005e+03
NCT00970632,gompertz,-4.065e+02,8.170e+02
NCT00975195,gompertz,-3.861e+03,7.725e+03
NCT00996658,gompertz,-2.485e+02,5.010e+02
NCT01064687,gompertz,-9.415e+02,1.887e+03
NCT01075282,gompertz,-7.941e+02,1.592e+03
NCT01084005,gompertz,-1.787e+02,3.614e+02
NCT01087502,gompertz,-4.156e+02,8.351e+02
NCT01126437,gompertz,-3.532e+04,7.065e+04
NCT01126580,gompertz,-1.199e+03,2.402e+03
NCT01131676,gompertz,-4.099e+03,8.202e+03
NCT01159600,gompertz,-8.538e+02,1.712e+03
NCT01164501,gompertz,-8.052e+02,1.614e+03
NCT01167881,gompertz,-2.277e+03,4.558e+03
NCT01177813,gompertz,-7.741e+02,1.552e+03
NCT01191268,gompertz,-1.323e+03,2.649e+03
NCT01191944,gompertz,-2.904e+02,5.849e+02
NCT01194830,gompertz,-3.835e+02,7.711e+02
NCT01204294,gompertz,-3.449e+02,6.937e+02
NCT01210001,gompertz,-3.368e+02,6.775e+02
NCT01214239,gompertz,-2.423e+02,4.887e+02
NCT01306214,gompertz,-7.557e+02,1.515e+03
NCT01335464,gompertz,-9.426e+02,1.889e+03
NCT01335477,gompertz,-1.000e+03,2.005e+03
NCT01368081,gompertz,-8.972e+02,1.798e+03
NCT01370005,gompertz,-3.005e+02,6.051e+02
NCT01422876,gompertz,-1.679e+03,3.361e+03
NCT01558271,gompertz,-4.118e+02,8.275e+02
NCT01621178,gompertz,-8.015e+02,1.607e+03
NCT01624259,gompertz,-3.308e+02,6.655e+02
NCT01694771,gompertz,-6.243e+02,1.253e+03
NCT01708902,gompertz,-5.406e+02,1.085e+03
NCT01719003,gompertz,-1.021e+03,2.045e+03
NCT01769378,gompertz,-2.046e+02,4.132e+02
NCT02152371,gompertz,-2.304e+02,4.648e+02
NCT02172287,gompertz,-8.789e+02,1.762e+03
NCT02172586,gompertz,-3.870e+02,7.779e+02
NCT02175355,gompertz,-4.794e+02,9.628e+02
NCT02177344,gompertz,-5.885e+02,1.181e+03
NCT02177396,gompertz,-2.416e+02,4.872e+02
NCT02177461,gompertz,-7.661e+02,1.536e+03
NCT02183064,gompertz,-9.201e+02,1.844e+03
NCT02200653,gompertz,-1.456e+02,2.952e+02
NCT02240680,gompertz,-2.020e+02,4.080e+02
NCT02489968,gompertz,-2.268e+02,4.576e+02
NCT02750410,gompertz,-1.535e+02,3.110e+02
NCT00034840,llogis,-2.476e+02,4.993e+02
NCT00051558,llogis,-1.565e+03,3.133e+03
NCT00125918,llogis,-4.731e+02,9.501e+02
NCT00152984,llogis,-1.398e+02,2.837e+02
NCT00153023,llogis,-1.376e+03,2.756e+03
NCT00153088,llogis,-7.625e+02,1.529e+03
NCT00168831,llogis,-2.003e+03,4.011e+03
NCT00168844,llogis,-1.606e+03,3.217e+03
NCT00168857,llogis,-1.444e+03,2.893e+03
NCT00239421,llogis,-1.988e+02,4.016e+02
NCT00274014,llogis,-2.023e+03,4.051e+03
NCT00274053,llogis,-8.689e+02,1.742e+03
NCT00274079,llogis,-3.674e+02,7.388e+02
NCT00274547,llogis,-2.919e+03,5.842e+03
NCT00274560,llogis,-5.213e+02,1.047e+03
NCT00274573,llogis,-2.010e+03,4.024e+03
NCT00274599,llogis,-6.806e+02,1.365e+03
NCT00274612,llogis,-6.425e+02,1.289e+03
NCT00277264,llogis,-1.718e+03,3.441e+03
NCT00321854,llogis,-1.175e+03,2.354e+03
NCT00384930,llogis,-1.069e+03,2.142e+03
NCT00402233,llogis,-2.754e+02,5.548e+02
NCT00466167,llogis,-5.504e+02,1.105e+03
NCT00472199,llogis,-6.704e+02,1.345e+03
NCT00479401,llogis,-7.621e+02,1.528e+03
NCT00525512,llogis,-1.334e+03,2.673e+03
NCT00563381,llogis,-1.039e+04,2.079e+04
NCT00601250,llogis,-4.439e+02,8.918e+02
NCT00602472,llogis,-6.715e+02,1.347e+03
NCT00622284,llogis,-3.150e+03,6.304e+03
NCT00641043,llogis,-2.795e+02,5.631e+02
NCT00654381,llogis,-2.711e+02,5.461e+02
NCT00734474,llogis,-3.574e+03,7.152e+03
NCT00740051,llogis,-4.138e+02,8.315e+02
NCT00772538,llogis,-4.099e+02,8.238e+02
NCT00776984,llogis,-4.561e+02,9.162e+02
NCT00782210,llogis,-9.837e+02,1.971e+03
NCT00782509,llogis,-8.406e+02,1.685e+03
NCT00793624,llogis,-1.394e+03,2.792e+03
NCT00798161,llogis,-8.078e+02,1.620e+03
NCT00800683,llogis,-2.731e+02,5.501e+02
NCT00848081,llogis,-2.717e+02,5.475e+02
NCT00855582,llogis,-5.267e+02,1.057e+03
NCT00861757,llogis,-3.880e+02,7.800e+02
NCT00915772,llogis,-9.321e+02,1.868e+03
NCT00926289,llogis,-4.385e+02,8.810e+02
NCT00954447,llogis,-1.507e+03,3.018e+03
NCT00970632,llogis,-4.059e+02,8.158e+02
NCT00975195,llogis,-3.863e+03,7.730e+03
NCT00996658,llogis,-2.485e+02,5.010e+02
NCT01064687,llogis,-9.415e+02,1.887e+03
NCT01075282,llogis,-7.909e+02,1.586e+03
NCT01084005,llogis,-1.788e+02,3.615e+02
NCT01087502,llogis,-4.155e+02,8.350e+02
NCT01126437,llogis,-3.516e+04,7.033e+04
NCT01126580,llogis,-1.200e+03,2.404e+03
NCT01131676,llogis,-4.112e+03,8.228e+03
NCT01159600,llogis,-8.536e+02,1.711e+03
NCT01164501,llogis,-8.077e+02,1.619e+03
NCT01167881,llogis,-2.316e+03,4.637e+03
NCT01177813,llogis,-7.751e+02,1.554e+03
NCT01191268,llogis,-1.326e+03,2.657e+03
NCT01191944,llogis,-2.906e+02,5.852e+02
NCT01194830,llogis,-3.850e+02,7.740e+02
NCT01204294,llogis,-3.450e+02,6.939e+02
NCT01210001,llogis,-3.352e+02,6.745e+02
NCT01214239,llogis,-2.434e+02,4.908e+02
NCT01306214,llogis,-7.557e+02,1.515e+03
NCT01335464,llogis,-9.426e+02,1.889e+03
NCT01335477,llogis,-1.000e+03,2.005e+03
NCT01368081,llogis,-8.964e+02,1.797e+03
NCT01370005,llogis,-3.001e+02,6.041e+02
NCT01422876,llogis,-1.674e+03,3.352e+03
NCT01558271,llogis,-4.077e+02,8.194e+02
NCT01621178,llogis,-8.010e+02,1.606e+03
NCT01624259,llogis,-3.313e+02,6.665e+02
NCT01694771,llogis,-6.244e+02,1.253e+03
NCT01708902,llogis,-5.442e+02,1.092e+03
NCT01719003,llogis,-1.014e+03,2.032e+03
NCT01769378,llogis,-2.059e+02,4.159e+02
NCT02152371,llogis,-2.317e+02,4.675e+02
NCT02172287,llogis,-8.742e+02,1.752e+03
NCT02172586,llogis,-3.868e+02,7.775e+02
NCT02175355,llogis,-4.775e+02,9.589e+02
NCT02177344,llogis,-6.077e+02,1.219e+03
NCT02177396,llogis,-2.421e+02,4.882e+02
NCT02177461,llogis,-7.664e+02,1.537e+03
NCT02183064,llogis,-9.253e+02,1.855e+03
NCT02200653,llogis,-1.456e+02,2.952e+02
NCT02240680,llogis,-2.029e+02,4.098e+02
NCT02489968,llogis,-2.276e+02,4.593e+02
NCT02750410,llogis,-1.540e+02,3.119e+02
NCT00034840,lnorm,-2.485e+02,5.011e+02
NCT00051558,lnorm,-1.564e+03,3.132e+03
NCT00125918,lnorm,-4.740e+02,9.520e+02
NCT00152984,lnorm,-1.400e+02,2.840e+02
NCT00153023,lnorm,-1.374e+03,2.752e+03
NCT00153088,lnorm,-7.623e+02,1.529e+03
NCT00168831,lnorm,-2.000e+03,4.004e+03
NCT00168844,lnorm,-1.604e+03,3.211e+03
NCT00168857,lnorm,-1.446e+03,2.896e+03
NCT00239421,lnorm,-1.988e+02,4.016e+02
NCT00274014,lnorm,-2.020e+03,4.045e+03
NCT00274053,lnorm,-8.665e+02,1.737e+03
NCT00274079,lnorm,-3.663e+02,7.367e+02
NCT00274547,lnorm,-2.916e+03,5.836e+03
NCT00274560,lnorm,-5.212e+02,1.046e+03
NCT00274573,lnorm,-2.003e+03,4.010e+03
NCT00274599,lnorm,-6.801e+02,1.364e+03
NCT00274612,lnorm,-6.426e+02,1.289e+03
NCT00277264,lnorm,-1.713e+03,3.430e+03
NCT00321854,lnorm,-1.172e+03,2.349e+03
NCT00384930,lnorm,-1.066e+03,2.137e+03
NCT00402233,lnorm,-2.736e+02,5.511e+02
NCT00466167,lnorm,-5.492e+02,1.102e+03
NCT00472199,lnorm,-6.670e+02,1.338e+03
NCT00479401,lnorm,-7.606e+02,1.525e+03
NCT00525512,lnorm,-1.334e+03,2.671e+03
NCT00563381,lnorm,-1.037e+04,2.074e+04
NCT00601250,lnorm,-4.439e+02,8.918e+02
NCT00602472,lnorm,-6.716e+02,1.347e+03
NCT00622284,lnorm,-3.147e+03,6.299e+03
NCT00641043,lnorm,-2.796e+02,5.631e+02
NCT00654381,lnorm,-2.694e+02,5.427e+02
NCT00734474,lnorm,-3.576e+03,7.155e+03
NCT00740051,lnorm,-4.131e+02,8.302e+02
NCT00772538,lnorm,-4.100e+02,8.240e+02
NCT00776984,lnorm,-4.554e+02,9.149e+02
NCT00782210,lnorm,-9.834e+02,1.971e+03
NCT00782509,lnorm,-8.391e+02,1.682e+03
NCT00793624,lnorm,-1.391e+03,2.787e+03
NCT00798161,lnorm,-8.065e+02,1.617e+03
NCT00800683,lnorm,-2.731e+02,5.502e+02
NCT00848081,lnorm,-2.707e+02,5.454e+02
NCT00855582,lnorm,-5.241e+02,1.052e+03
NCT00861757,lnorm,-3.860e+02,7.759e+02
NCT00915772,lnorm,-9.346e+02,1.873e+03
NCT00926289,lnorm,-4.367e+02,8.774e+02
NCT00954447,lnorm,-1.505e+03,3.013e+03
NCT00970632,lnorm,-4.059e+02,8.158e+02
NCT00975195,lnorm,-3.866e+03,7.735e+03
NCT00996658,lnorm,-2.491e+02,5.021e+02
NCT01064687,lnorm,-9.400e+02,1.884e+03
NCT01075282,lnorm,-7.901e+02,1.584e+03
NCT01084005,lnorm,-1.787e+02,3.614e+02
NCT01087502,lnorm,-4.173e+02,8.386e+02
NCT01126437,lnorm,-3.523e+04,7.047e+04
NCT01126580,lnorm,-1.198e+03,2.401e+03
NCT01131676,lnorm,-4.144e+03,8.292e+03
NCT01159600,lnorm,-8.535e+02,1.711e+03
NCT01164501,lnorm,-8.063e+02,1.617e+03
NCT01167881,lnorm,-2.307e+03,4.619e+03
NCT01177813,lnorm,-7.755e+02,1.555e+03
NCT01191268,lnorm,-1.322e+03,2.649e+03
NCT01191944,lnorm,-2.896e+02,5.832e+02
NCT01194830,lnorm,-3.839e+02,7.718e+02
NCT01204294,lnorm,-3.449e+02,6.937e+02
NCT01210001,lnorm,-3.365e+02,6.771e+02
NCT01214239,lnorm,-2.430e+02,4.901e+02
NCT01306214,lnorm,-7.576e+02,1.519e+03
NCT01335464,lnorm,-9.433e+02,1.891e+03
NCT01335477,lnorm,-1.003e+03,2.009e+03
NCT01368081,lnorm,-8.987e+02,1.801e+03
NCT01370005,lnorm,-2.994e+02,6.027e+02
NCT01422876,lnorm,-1.679e+03,3.362e+03
NCT01558271,lnorm,-4.085e+02,8.210e+02
NCT01621178,lnorm,-7.994e+02,1.603e+03
NCT01624259,lnorm,-3.305e+02,6.651e+02
NCT01694771,lnorm,-6.245e+02,1.253e+03
NCT01708902,lnorm,-5.426e+02,1.089e+03
NCT01719003,lnorm,-1.015e+03,2.033e+03
NCT01769378,lnorm,-2.049e+02,4.138e+02
NCT02152371,lnorm,-2.309e+02,4.657e+02
NCT02172287,lnorm,-8.723e+02,1.749e+03
NCT02172586,lnorm,-3.880e+02,7.799e+02
NCT02175355,lnorm,-4.762e+02,9.564e+02
NCT02177344,lnorm,-6.042e+02,1.212e+03
NCT02177396,lnorm,-2.414e+02,4.867e+02
NCT02177461,lnorm,-7.663e+02,1.537e+03
NCT02183064,lnorm,-9.223e+02,1.849e+03
NCT02200653,lnorm,-1.458e+02,2.957e+02
NCT02240680,lnorm,-2.028e+02,4.096e+02
NCT02489968,lnorm,-2.269e+02,4.578e+02
NCT02750410,lnorm,-1.535e+02,3.110e+02
NCT00034840,weibull,-2.476e+02,4.992e+02
NCT00051558,weibull,-1.565e+03,3.135e+03
NCT00125918,weibull,-4.731e+02,9.502e+02
NCT00152984,weibull,-1.398e+02,2.837e+02
NCT00153023,weibull,-1.377e+03,2.758e+03
NCT00153088,weibull,-7.626e+02,1.529e+03
NCT00168831,weibull,-2.005e+03,4.013e+03
NCT00168844,weibull,-1.607e+03,3.218e+03
NCT00168857,weibull,-1.444e+03,2.892e+03
NCT00239421,weibull,-1.988e+02,4.016e+02
NCT00274014,weibull,-2.024e+03,4.053e+03
NCT00274053,weibull,-8.700e+02,1.744e+03
NCT00274079,weibull,-3.676e+02,7.392e+02
NCT00274547,weibull,-2.921e+03,5.846e+03
NCT00274560,weibull,-5.213e+02,1.047e+03
NCT00274573,weibull,-2.012e+03,4.028e+03
NCT00274599,weibull,-6.808e+02,1.366e+03
NCT00274612,weibull,-6.427e+02,1.289e+03
NCT00277264,weibull,-1.720e+03,3.444e+03
NCT00321854,weibull,-1.176e+03,2.357e+03
NCT00384930,weibull,-1.070e+03,2.143e+03
NCT00402233,weibull,-2.758e+02,5.556e+02
NCT00466167,weibull,-5.507e+02,1.105e+03
NCT00472199,weibull,-6.724e+02,1.349e+03
NCT00479401,weibull,-7.626e+02,1.529e+03
NCT00525512,weibull,-1.335e+03,2.675e+03
NCT00563381,weibull,-1.040e+04,2.080e+04
NCT00601250,weibull,-4.439e+02,8.919e+02
NCT00602472,weibull,-6.715e+02,1.347e+03
NCT00622284,weibull,-3.152e+03,6.307e+03
NCT00641043,weibull,-2.795e+02,5.631e+02
NCT00654381,weibull,-2.712e+02,5.465e+02
NCT00734474,weibull,-3.574e+03,7.152e+03
NCT00740051,weibull,-4.141e+02,8.323e+02
NCT00772538,weibull,-4.099e+02,8.238e+02
NCT00776984,weibull,-4.562e+02,9.165e+02
NCT00782210,weibull,-9.839e+02,1.972e+03
NCT00782509,weibull,-8.409e+02,1.686e+03
NCT00793624,weibull,-1.395e+03,2.794e+03
NCT00798161,weibull,-8.082e+02,1.620e+03
NCT00800683,weibull,-2.732e+02,5.504e+02
NCT00848081,weibull,-2.719e+02,5.478e+02
NCT00855582,weibull,-5.273e+02,1.059e+03
NCT00861757,weibull,-3.883e+02,7.805e+02
NCT00915772,weibull,-9.318e+02,1.868e+03
NCT00926289,weibull,-4.387e+02,8.815e+02
NCT00954447,weibull,-1.508e+03,3.020e+03
NCT00970632,weibull,-4.060e+02,8.159e+02
NCT00975195,weibull,-3.864e+03,7.732e+03
NCT00996658,weibull,-2.486e+02,5.012e+02
NCT01064687,weibull,-9.416e+02,1.887e+03
NCT01075282,weibull,-7.909e+02,1.586e+03
NCT01084005,weibull,-1.787e+02,3.615e+02
NCT01087502,weibull,-4.154e+02,8.349e+02
NCT01126437,weibull,-3.515e+04,7.031e+04
NCT01126580,weibull,-1.201e+03,2.405e+03
NCT01131676,weibull,-4.103e+03,8.210e+03
NCT01159600,weibull,-8.536e+02,1.711e+03
NCT01164501,weibull,-8.081e+02,1.620e+03
NCT01167881,weibull,-2.319e+03,4.642e+03
NCT01177813,weibull,-7.754e+02,1.555e+03
NCT01191268,weibull,-1.327e+03,2.659e+03
NCT01191944,weibull,-2.907e+02,5.854e+02
NCT01194830,weibull,-3.855e+02,7.751e+02
NCT01204294,weibull,-3.450e+02,6.940e+02
NCT01210001,weibull,-3.351e+02,6.743e+02
NCT01214239,weibull,-2.435e+02,4.910e+02
NCT01306214,weibull,-7.557e+02,1.515e+03
NCT01335464,weibull,-9.428e+02,1.890e+03
NCT01335477,weibull,-1.000e+03,2.005e+03
NCT01368081,weibull,-8.962e+02,1.796e+03
NCT01370005,weibull,-3.001e+02,6.042e+02
NCT01422876,weibull,-1.674e+03,3.352e+03
NCT01558271,weibull,-4.076e+02,8.193e+02
NCT01621178,weibull,-8.014e+02,1.607e+03
NCT01624259,weibull,-3.313e+02,6.666e+02
NCT01694771,weibull,-6.244e+02,1.253e+03
NCT01708902,weibull,-5.445e+02,1.093e+03
NCT01719003,weibull,-1.014e+03,2.032e+03
NCT01769378,weibull,-2.060e+02,4.161e+02
NCT02152371,weibull,-2.319e+02,4.677e+02
NCT02172287,weibull,-8.746e+02,1.753e+03
NCT02172586,weibull,-3.868e+02,7.775e+02
NCT02175355,weibull,-4.777e+02,9.593e+02
NCT02177344,weibull,-6.085e+02,1.221e+03
NCT02177396,weibull,-2.422e+02,4.884e+02
NCT02177461,weibull,-7.675e+02,1.539e+03
NCT02183064,weibull,-9.257e+02,1.855e+03
NCT02200653,weibull,-1.456e+02,2.951e+02
NCT02240680,weibull,-2.029e+02,4.099e+02
NCT02489968,weibull,-2.277e+02,4.594e+02
NCT02750410,weibull,-1.541e+02,3.121e+02
